,Message,Status
1841,"+ACK:GTGEO,500501,868574042447461,,1,FFFF,20250708180022,2549$",0x2B41434B3A475447454F2C3530303530312C3836383537343034323434373436312C2C312C464646462C32303235303730383138303032322C3235343924
1843,"+RESP:GTGEO,500501,868574042447461,,,10,1,1,0.0,109,56.2,-74.802674,10.904695,20250708180056,0732,0101,3A9A,BB81BC6,04,12,58946.8,20250708180055,254B$",0x2B524553503A475447454F2C3530303530312C3836383537343034323434373436312C2C2C31302C312C312C302E302C3130392C35362E322C2D37342E3830323637342C31302E3930343639352C32303235303730383138303035362C303733322C303130312C334139412C424238314243362C30342C31322C35383934362E382C32303235303730383138303035352C3235344224
