GeofenceName,Coordinates
Tienda El Tope,10.37829389:-75.47159521|10.37872138:-75.47156809|10.3785987:-75.47145008|10.3781647:-75.47149031
