GeofenceName,Coordinates
Olimpica Bocagrande,10.39987696:-75.55725375|10.40008538:-75.55687153|10.39975684:-75.55716527