GeofenceName,Coordinates
GeofenceName,3.4654720837:-76.5260035076|3.4654730459:-76.5259867857